名称,ID,链接
逆向学习日记,gh_5e3464e3085f,
奋飞安全,gh_70ba5e7f407e,
猿榜编程,gh_3c089026ba5b,
养乐多--小帆帆,gh_a328f9773609,
冰敷逆向笔记,gh_d56d23a625f8,
随心记事,gh_596760b42515,
Py学习日记,gh_25c90dc826ec,
深渊安全,gh_37cc4cc76768,
编码安全,gh_7eca17da2962,
果紫逆向,gh_ef68bd8b8c4b,
Python爬虫大数据可视化,gh_e7010afe0395,
V安全突击队,gh_ce5aaa60d3d8,
一枚酸心果子,gh_75d32d225339,
秃驴同学在前进,gh_70130cf6ed9e,
黑脸怪,gh_1af48f7b2ae9,
decrypt,gh_d497dee737b9,
当爬虫遇到逆向,gh_b47cae6218b8,
诗和远方和田野,gh_1a38fa20e6a6,
crawler,gh_a3e747fc6548,
xia0y的逆向小窝,gh_15ee551d7027,
逆向狗都不学,gh_f4d52ca82e1c,
Fashion哥移动安全,gh_1532c792d30d,
爬虫攻城狮,gh_246b1e4130b0,
無色逆向,gh_507b37088505,
进制珊行,gh_1e3fab8cad65,
关于代码那点事,gh_e417c9dad740,
R逆向,gh_3f2c705b036c,
爬虫逆向之旅,gh_6489a49d398e,
陌刀逆向工程,gh_d7ea896011d4,
爬虫逆向笔记,gh_f561c4f69250,
二进制科学,gh_d7f3741e0b6a,
花花学逆向,gh_4cbd1c372f2a,
爬虫小菜鸟,gh_dba853835f97,
反爬破解社,gh_864c90fdac30,
菜狗学逆向,gh_d15f34dcb857,
ALL程序猿,gh_abd1f298b110,
爬虫逆向技术分享,gh_2ebb4542401d,
SpiderDemo,gh_f7eefacb8595,
独步爬虫逆向,gh_5a4674891c7f,
知一Tracer,gh_2b9089a430e7,
逆向小郎君,gh_071dba1f73a2,
律图拟项,gh_b55e54a6cc7b,
我最菜,gh_84afbde963bf,
将往的爬虫逆向日记,gh_7a1826074dca,
爬虫逆向小林哥,gh_6266a9c8972e,
AmazingProject,gh_a5b862a84657,
卷王不是我,gh_1be3cfa9d414,
jqiu爬虫分析日记,gh_c6faa38684cd,
尖端对抗,gh_fa4e6c500a73,
贩卖共享日记,gh_b03c386a6340,
不会逆向啊,gh_42c7cc5e0185,
编角料,gh_a377081d4221,
逆向与采集,gh_a4e8cfa8b4b3,
学渣搞逆向,gh_f8b47f4cefab,
虫迹追踪,gh_b1c0540cfdb9,
ck的学习笔记,gh_712d30bbf771,
点点的逆向之旅,gh_581c511793b7,
逆向与爬虫的故事,gh_7409f69068a6,
疯狂的庖丁,gh_9b27f3f80ffe,
给你讲故事啊,gh_67ac5eb27d1a,
静夜随想,gh_01fa7b4fd87a,
进击的爬虫,gh_8cc3b5d08c10,
js android ios逆向,gh_c637bce93320,
乱炖Set,gh_6fa1306e158e,
码功,gh_bb6c155f5acb,
Millder He,gh_162a86a090c4,
摸鱼爬虫佬,gh_a0b215ac6264,
牛study,gh_0d6ffeb48595,
逆向成长日记,gh_fd5b1e150976,
逆向lin狗,gh_fc6c78a6258d,
逆向路漫漫,gh_1e33544a8a79,
逆向OneByOne,gh_84c656527267,
逆向学习之旅,gh_fdc416568214,
逆向有你,gh_56313daabcfb,
爬虫45度,gh_00be36c213ec,
爬虫大菜鸡,gh_01989da4e3dd,
爬虫黑科技,gh_265438156314,
爬虫逆向技术栈,gh_0fb3e29ff94c,
爬虫spider,gh_543c6301f39a,
python爬虫和阿J的逆向,gh_d01a80bce240,
python爬虫与js逆向,gh_497711e793fa,
兔老大Android和iOS逆向,gh_45c14a16fa8c,
韦伯爬虫AI,gh_6d9c7dc469b6,
小白技术社,gh_bb0763730675,
小白逆向之旅,gh_d348fd15708a,
小七酒馆儿,gh_9cd4f6f0adf1,
小瑶在工地,gh_af6f3e6eee48,
小志Codings,gh_b5a05f249f62,
协议分析与还原,gh_2105753ca702,
一名路过的程序员,gh_b09754c76bca,
影17,gh_96fbc717689e,
一生向风,gh_737846ec76a6,
y小白的笔记,gh_4e76add430dc,
真不喝了,gh_a96eece88e0b,
蓝是一名iter,gh_2ce40e8b0ad9,
挖掘机的扭矩,gh_26081be659bf,
爬虫进化论,gh_0ca16ee923b2,
小尘逆向之旅,gh_d7c519e14a5d,
K哥爬虫,gh_86aab598880e,
小马哥逆向,gh_da333c6a9e46,
小白学爬虫,gh_146b7bb573fa,
爬虫逆向小辰哥,gh_506427625757,
Spade sec,gh_e3bc789ec364,
小小杨学编程,gh_e207193238bc,
python小丑鱼,gh_95c3d3d2063e,
画杂记,gh_6f586343034c,
春来花儿香,gh_7fc687924dfe,
理想真会玩,gh_31d739e3790e,
辣条不加辣,gh_dbb045130ac6,
逆向那点事,gh_fc130567b9d2,
季东ooo,gh_0f9cbd788793,
小鱼神1024,gh_f044ffd847e2,
EternalBlue,gh_d7aa5cff6330,
流星Studio,gh_ab0fe1aa8499,
DataCrawl,gh_bfd0906f9504,
逆向Gogo,gh_644e2479573a,
SpiderLittleWhite,gh_6e5158a8d7b9,
顽皮的Coder,gh_8c268699f57e,
Frida and So,gh_658590d2ea51,
小石学逆向,gh_d94409f30664,
亮哥数据实验室,gh_53bff6193cce,
平底锅煎蛋,gh_0ff9662604df,
挖个洞先,gh_35bc33b70883,
CYRUS STUDIO,gh_6e5c91d5e221,
低手爬虫,gh_633b48726490,
丫总逆向,gh_c7caaf1d27e0,
码界逆向密钥,gh_0dface299f65,
飞洛软件,gh_694dc3a8d5ee,
JS逆向零基础实战,gh_7a8cb44aa61e,
破界程序员-玄学录,gh_145ec0d145c5,
不落的逆向手札,gh_af1d4dcb38bc,
小白逆向成长日记,gh_22c0226eeaee,
满船清梦压星河噢,gh_a0019005a49b,
码字的秃猴,gh_7db9936fa57c,
不吃香菜的爬虫,gh_0391e566491a,
小李知识储备站,gh_2ed92396a115,
呆呆的逆向小白,gh_d3d5b5f93bbc,
带带弟弟学爬虫,gh_6a35148f6fd2,
曼达洛人的 Android 攻防之旅,gh_cb4a71860ac6,
逆不逆,gh_573e8f142d55,
